Type,Name,Request Count,Failure Count,Median Response Time,Average Response Time,Min Response Time,Max Response Time,Average Content Size,Requests/s,Failures/s,50%,66%,75%,80%,90%,95%,98%,99%,99.9%,99.99%,100%
GET,Post texto 400KB,2007,0,2000,1988.2785568405575,68.45022200002404,3863.1339710000248,436725.0,33.93163943513305,0.0,2000,2200,2500,2800,3100,3200,3400,3500,3800,3900,3900
,Aggregated,2007,0,2000,1988.2785568405575,68.45022200002404,3863.1339710000248,436725.0,33.93163943513305,0.0,2000,2200,2500,2800,3100,3200,3400,3500,3800,3900,3900
