Type,Name,Request Count,Failure Count,Median Response Time,Average Response Time,Min Response Time,Max Response Time,Average Content Size,Requests/s,Failures/s,50%,66%,75%,80%,90%,95%,98%,99%,99.9%,99.99%,100%
GET,Post texto 400KB,8157,0,120,168.03100212175903,75.62370099913096,947.4050979988533,439442.0,68.0922715348077,0.0,120,140,170,190,330,440,590,690,850,950,950
,Aggregated,8157,0,120,168.03100212175903,75.62370099913096,947.4050979988533,439442.0,68.0922715348077,0.0,120,140,170,190,330,440,590,690,850,950,950
