Type,Name,Request Count,Failure Count,Median Response Time,Average Response Time,Min Response Time,Max Response Time,Average Content Size,Requests/s,Failures/s,50%,66%,75%,80%,90%,95%,98%,99%,99.9%,99.99%,100%
GET,Post imagem 300KB,12614,493,990,1080.62715994617,56.42019700098899,4349.543042000732,30136.70485175202,105.06572095845438,4.106342193794039,990,1300,1400,1600,1900,2300,2700,3200,3900,4200,4300
,Aggregated,12614,493,990,1080.62715994617,56.42019700098899,4349.543042000732,30136.70485175202,105.06572095845438,4.106342193794039,990,1300,1400,1600,1900,2300,2700,3200,3900,4200,4300
