Type,Name,Request Count,Failure Count,Median Response Time,Average Response Time,Min Response Time,Max Response Time,Average Content Size,Requests/s,Failures/s,50%,66%,75%,80%,90%,95%,98%,99%,99.9%,99.99%,100%
GET,Post imagem 1MB,922,0,430,522.8934409295013,31.14429000004293,3187.2385670000085,30455.0,15.581594490172654,0.0,430,520,570,630,870,1500,1900,2300,3200,3200,3200
GET,Post imagem 300KB,1009,0,420,477.95412825867015,31.266210000012506,3191.103107999993,30204.0,17.051875098247514,0.0,420,500,560,590,770,1300,1700,1900,2800,3200,3200
GET,Post texto 400KB,973,0,1200,1278.5062295693745,73.76247800004876,5770.0065989999985,436725.0,16.4434831224924,0.0,1200,1400,1500,1600,2000,2800,4200,4700,5800,5800,5800
,Aggregated,2904,0,530,760.4511120251354,31.14429000004293,5770.0065989999985,166490.62362258954,49.076952710912565,0.0,530,740,1100,1200,1600,1900,2700,3700,5400,5800,5800
