Type,Name,Request Count,Failure Count,Median Response Time,Average Response Time,Min Response Time,Max Response Time,Average Content Size,Requests/s,Failures/s,50%,66%,75%,80%,90%,95%,98%,99%,99.9%,99.99%,100%
GET,Post imagem 1MB,2746,0,89,109.79340437073512,66.13509700036957,646.3004620018182,31863.0,23.001183921360816,0.0,89,95,100,110,170,240,330,380,630,650,650
GET,Post imagem 300KB,2751,0,90,111.554820652117,66.1713730005431,583.8648050012125,31250.0,23.04306517394887,0.0,90,96,100,110,180,260,340,370,580,580,580
GET,Post texto 400KB,2802,0,97,118.00759048645018,73.26110899884952,643.1093080027495,439442.0,23.470253950347054,0.0,97,100,110,120,180,270,350,400,600,640,640
,Aggregated,8299,0,92,113.15065291710336,66.13509700036957,646.3004620018182,169271.1208579347,69.51450304565674,0.0,92,98,100,110,170,250,340,380,590,650,650
