Type,Name,Request Count,Failure Count,Median Response Time,Average Response Time,Min Response Time,Max Response Time,Average Content Size,Requests/s,Failures/s,50%,66%,75%,80%,90%,95%,98%,99%,99.9%,99.99%,100%
GET,Imagem 1MB,2427,0,31,72.10703259662354,8.390936000068905,652.0603830003893,1030845.0,49.18738834800882,0.0,31,43,62,80,190,340,450,530,620,650,650
GET,Imagem 300KB,2347,0,24,70.96060615680294,6.805295000049227,650.5436629995529,311564.0,47.56604880625328,0.0,24,35,54,80,210,360,470,510,630,650,650
GET,Post texto 400KB,2451,0,140,220.21429816360924,84.46445899971877,953.9421210001819,439442.0,49.67379021053548,0.0,140,180,250,310,510,650,740,790,930,950,950
,Aggregated,7225,0,60,121.97834679045303,6.805295000049227,953.9421210001819,596563.8567474048,146.42722736479757,0.0,60,120,140,170,330,470,630,710,880,950,950
