Type,Name,Request Count,Failure Count,Median Response Time,Average Response Time,Min Response Time,Max Response Time,Average Content Size,Requests/s,Failures/s,50%,66%,75%,80%,90%,95%,98%,99%,99.9%,99.99%,100%
GET,Post texto 400KB,1729,0,2500,2598.7097444852498,66.78091399999175,8512.002904999974,436725.0,29.23510778990044,0.0,2500,3100,3700,4100,5100,5600,6300,6700,8200,8500,8500
,Aggregated,1729,0,2500,2598.7097444852498,66.78091399999175,8512.002904999974,436725.0,29.23510778990044,0.0,2500,3100,3700,4100,5100,5600,6300,6700,8200,8500,8500
