Type,Name,Request Count,Failure Count,Median Response Time,Average Response Time,Min Response Time,Max Response Time,Average Content Size,Requests/s,Failures/s,50%,66%,75%,80%,90%,95%,98%,99%,99.9%,99.99%,100%
GET,Post texto 400KB,8242,0,100,133.56153706589367,69.18599200071185,802.7499100026034,439442.0,68.9583084981256,0.0,100,110,130,150,240,320,430,590,740,800,800
,Aggregated,8242,0,100,133.56153706589367,69.18599200071185,802.7499100026034,439442.0,68.9583084981256,0.0,100,110,130,150,240,320,430,590,740,800,800
