Type,Name,Request Count,Failure Count,Median Response Time,Average Response Time,Min Response Time,Max Response Time,Average Content Size,Requests/s,Failures/s,50%,66%,75%,80%,90%,95%,98%,99%,99.9%,99.99%,100%
GET,Post imagem 300KB,3606,0,97,246.90975728896302,26.717660000031174,2273.2015709999587,30204.0,61.00065653507092,0.0,97,170,250,370,720,1000,1300,1600,1900,2300,2300
,Aggregated,3606,0,97,246.90975728896302,26.717660000031174,2273.2015709999587,30204.0,61.00065653507092,0.0,97,170,250,370,720,1000,1300,1600,1900,2300,2300
