Type,Name,Request Count,Failure Count,Median Response Time,Average Response Time,Min Response Time,Max Response Time,Average Content Size,Requests/s,Failures/s,50%,66%,75%,80%,90%,95%,98%,99%,99.9%,99.99%,100%
GET,Post imagem 300KB,8318,0,91,110.13913426592978,67.66271599917673,573.5670209978707,31250.0,69.6338533558925,0.0,91,97,100,110,160,260,320,350,560,570,570
,Aggregated,8318,0,91,110.13913426592978,67.66271599917673,573.5670209978707,31250.0,69.6338533558925,0.0,91,97,100,110,160,260,320,350,560,570,570
