Type,Name,Request Count,Failure Count,Median Response Time,Average Response Time,Min Response Time,Max Response Time,Average Content Size,Requests/s,Failures/s,50%,66%,75%,80%,90%,95%,98%,99%,99.9%,99.99%,100%
GET,Post imagem 1MB,4114,0,180,279.37120501800257,76.30205399982515,1490.8750299982785,31863.0,34.523593212377236,0.0,180,270,360,440,610,770,960,1000,1300,1500,1500
GET,Post imagem 300KB,4219,0,180,282.0446796589186,74.20697399720666,1451.2938519983436,31250.0,35.404725270544375,0.0,180,270,360,440,630,800,960,1100,1300,1500,1500
GET,Post texto 400KB,4167,0,190,292.597498567558,78.05374199961079,1486.9373319997976,439442.0,34.96835510840446,0.0,190,280,370,450,640,800,980,1100,1300,1500,1500
,Aggregated,12500,0,190,284.68267339648327,74.20697399720666,1490.8750299982785,167526.63568,104.89667359132608,0.0,190,270,360,440,630,790,970,1100,1300,1500,1500
