Type,Name,Request Count,Failure Count,Median Response Time,Average Response Time,Min Response Time,Max Response Time,Average Content Size,Requests/s,Failures/s,50%,66%,75%,80%,90%,95%,98%,99%,99.9%,99.99%,100%
GET,Imagem 1MB,3554,0,19,22.265241016325803,7.87509699966904,136.2714649994814,1030845.0,72.28518835858733,0.0,19,22,24,25,28,40,96,110,130,140,140
,Aggregated,3554,0,19,22.265241016325803,7.87509699966904,136.2714649994814,1030845.0,72.28518835858733,0.0,19,22,24,25,28,40,96,110,130,140,140
