Type,Name,Request Count,Failure Count,Median Response Time,Average Response Time,Min Response Time,Max Response Time,Average Content Size,Requests/s,Failures/s,50%,66%,75%,80%,90%,95%,98%,99%,99.9%,99.99%,100%
GET,Post imagem 1MB,8212,0,100,138.5125617852068,70.10463299957337,964.6192250002059,31863.0,68.64222758167365,0.0,100,110,130,150,240,360,460,670,890,960,960
,Aggregated,8212,0,100,138.5125617852068,70.10463299957337,964.6192250002059,31863.0,68.64222758167365,0.0,100,110,130,150,240,360,460,670,890,960,960
