Type,Name,Request Count,Failure Count,Median Response Time,Average Response Time,Min Response Time,Max Response Time,Average Content Size,Requests/s,Failures/s,50%,66%,75%,80%,90%,95%,98%,99%,99.9%,99.99%,100%
GET,Post imagem 1MB,8341,0,92,112.71683778608491,66.85570000263397,601.9084899999143,31863.0,69.81632462996261,0.0,92,99,110,110,170,260,340,380,590,600,600
,Aggregated,8341,0,92,112.71683778608491,66.85570000263397,601.9084899999143,31863.0,69.81632462996261,0.0,92,99,110,110,170,260,340,380,590,600,600
