Type,Name,Request Count,Failure Count,Median Response Time,Average Response Time,Min Response Time,Max Response Time,Average Content Size,Requests/s,Failures/s,50%,66%,75%,80%,90%,95%,98%,99%,99.9%,99.99%,100%
GET,Post imagem 1MB,3885,0,67,104.49160640746469,27.03123699996013,577.4495900000147,30455.0,65.73646210386816,0.0,67,100,140,160,220,280,380,460,560,580,580
,Aggregated,3885,0,67,104.49160640746469,27.03123699996013,577.4495900000147,30455.0,65.73646210386816,0.0,67,100,140,160,220,280,380,460,560,580,580
