Type,Name,Request Count,Failure Count,Median Response Time,Average Response Time,Min Response Time,Max Response Time,Average Content Size,Requests/s,Failures/s,50%,66%,75%,80%,90%,95%,98%,99%,99.9%,99.99%,100%
GET,Post imagem 300KB,13320,0,120,161.28346832494276,69.3680329968629,648.6327450002136,31250.0,111.2836705427109,0.0,120,140,170,190,320,390,460,500,610,650,650
,Aggregated,13320,0,120,161.28346832494276,69.3680329968629,648.6327450002136,31250.0,111.2836705427109,0.0,120,140,170,190,320,390,460,500,610,650,650
