Type,Name,Request Count,Failure Count,Median Response Time,Average Response Time,Min Response Time,Max Response Time,Average Content Size,Requests/s,Failures/s,50%,66%,75%,80%,90%,95%,98%,99%,99.9%,99.99%,100%
GET,Post imagem 1MB,2829,0,98,124.80781685048251,67.55212899952312,609.760120001738,31863.0,23.66589460742207,0.0,98,110,120,130,200,310,410,470,600,610,610
GET,Post imagem 300KB,2661,0,99,124.30210390981829,64.60774100196431,638.6301430029562,31250.0,22.260496836461694,0.0,99,110,120,130,200,300,390,470,570,640,640
GET,Post texto 400KB,2823,0,110,128.20101545730455,75.14336299936986,622.007816000405,439442.0,23.615701829887772,0.0,110,110,120,130,190,280,390,470,570,620,620
,Aggregated,8313,0,100,125.79822916035309,64.60774100196431,638.6301430029562,170075.95849873693,69.54209327377154,0.0,100,110,120,130,200,300,400,470,570,640,640
