Type,Name,Request Count,Failure Count,Median Response Time,Average Response Time,Min Response Time,Max Response Time,Average Content Size,Requests/s,Failures/s,50%,66%,75%,80%,90%,95%,98%,99%,99.9%,99.99%,100%
GET,Post imagem 1MB,8303,0,89,112.99800604287537,60.382858999219025,623.8225710003462,31863.0,69.56984122092346,0.0,89,98,110,120,190,260,330,400,580,620,620
,Aggregated,8303,0,89,112.99800604287537,60.382858999219025,623.8225710003462,31863.0,69.56984122092346,0.0,89,98,110,120,190,260,330,400,580,620,620
