Type,Name,Request Count,Failure Count,Median Response Time,Average Response Time,Min Response Time,Max Response Time,Average Content Size,Requests/s,Failures/s,50%,66%,75%,80%,90%,95%,98%,99%,99.9%,99.99%,100%
GET,Post imagem 1MB,3457,0,170,381.1683782774086,27.455700999951205,3384.601080999971,30455.0,58.405098305124945,0.0,170,320,470,590,1000,1400,2100,2700,3300,3400,3400
,Aggregated,3457,0,170,381.1683782774086,27.455700999951205,3384.601080999971,30455.0,58.405098305124945,0.0,170,320,470,590,1000,1400,2100,2700,3300,3400,3400
