Type,Name,Request Count,Failure Count,Median Response Time,Average Response Time,Min Response Time,Max Response Time,Average Content Size,Requests/s,Failures/s,50%,66%,75%,80%,90%,95%,98%,99%,99.9%,99.99%,100%
GET,Post imagem 300KB,11614,14,320,482.7710332746621,83.65458399930503,5016.052269998909,31215.662992939557,97.33587123643856,0.117332718900477,320,450,540,610,880,1300,2700,3700,4800,5000,5000
,Aggregated,11614,14,320,482.7710332746621,83.65458399930503,5016.052269998909,31215.662992939557,97.33587123643856,0.117332718900477,320,450,540,610,880,1300,2700,3700,4800,5000,5000
