Type,Name,Request Count,Failure Count,Median Response Time,Average Response Time,Min Response Time,Max Response Time,Average Content Size,Requests/s,Failures/s,50%,66%,75%,80%,90%,95%,98%,99%,99.9%,99.99%,100%
GET,Post imagem 300KB,8338,0,89,112.09446972562854,62.7374530013185,489.4222719995014,31250.0,69.8064656618259,0.0,89,96,110,120,200,260,320,370,450,490,490
,Aggregated,8338,0,89,112.09446972562854,62.7374530013185,489.4222719995014,31250.0,69.8064656618259,0.0,89,96,110,120,200,260,320,370,450,490,490
