Type,Name,Request Count,Failure Count,Median Response Time,Average Response Time,Min Response Time,Max Response Time,Average Content Size,Requests/s,Failures/s,50%,66%,75%,80%,90%,95%,98%,99%,99.9%,99.99%,100%
GET,Post imagem 300KB,3864,0,65,91.93581677329205,26.015985000015007,420.218589000001,30204.0,65.38333313215539,0.0,66,97,120,140,180,230,280,320,410,420,420
,Aggregated,3864,0,65,91.93581677329205,26.015985000015007,420.218589000001,30204.0,65.38333313215539,0.0,66,97,120,140,180,230,280,320,410,420,420
