Type,Name,Request Count,Failure Count,Median Response Time,Average Response Time,Min Response Time,Max Response Time,Average Content Size,Requests/s,Failures/s,50%,66%,75%,80%,90%,95%,98%,99%,99.9%,99.99%,100%
GET,Post imagem 1MB,4427,0,130,173.56272646057943,70.44164599938085,637.7286430033564,31863.0,36.99618699170197,0.0,130,160,220,250,340,400,460,520,620,640,640
GET,Post imagem 300KB,4408,0,130,168.1411606050185,68.0494340012956,618.2194399989385,31250.0,36.837405073282646,0.0,130,150,210,240,320,390,450,490,610,620,620
GET,Post texto 400KB,4344,0,140,180.5353512863721,77.94297599684796,655.761332000111,439442.0,36.30256071650177,0.0,140,160,220,250,340,400,470,510,630,660,660
,Aggregated,13179,0,130,174.0476509580328,68.0494340012956,655.761332000111,166002.24212762728,110.13615278148639,0.0,130,160,210,250,330,400,460,500,620,650,660
