Type,Name,Request Count,Failure Count,Median Response Time,Average Response Time,Min Response Time,Max Response Time,Average Content Size,Requests/s,Failures/s,50%,66%,75%,80%,90%,95%,98%,99%,99.9%,99.99%,100%
GET,Post imagem 1MB,13166,0,120,181.60222667955287,67.18364999687765,1212.6394830011122,31863.0,110.14254371644074,0.0,120,150,210,250,380,490,620,780,1100,1200,1200
,Aggregated,13166,0,120,181.60222667955287,67.18364999687765,1212.6394830011122,31863.0,110.14254371644074,0.0,120,150,210,250,380,490,620,780,1100,1200,1200
