Type,Name,Request Count,Failure Count,Median Response Time,Average Response Time,Min Response Time,Max Response Time,Average Content Size,Requests/s,Failures/s,50%,66%,75%,80%,90%,95%,98%,99%,99.9%,99.99%,100%
GET,Post imagem 1MB,4215,0,890,1064.17617592123,69.37176299834391,4229.0281130008225,31863.0,35.364937659369964,0.0,890,1200,1400,1600,2000,2600,3300,3600,4100,4200,4200
GET,Post imagem 300KB,4274,0,870,1057.8039833928892,73.51776200084714,4285.877316000551,31250.0,35.859962884020696,0.0,870,1200,1400,1600,2000,2600,3300,3600,4100,4300,4300
GET,Post texto 400KB,4239,0,940,1083.8340804404395,80.90409099895624,4301.886714001739,439442.0,35.56630385244823,0.0,940,1200,1500,1600,2000,2500,3300,3600,4100,4300,4300
,Aggregated,12728,0,900,1068.5833967250294,69.37176299834391,4301.886714001739,167399.4094123193,106.79120439583889,0.0,900,1200,1400,1600,2000,2600,3300,3600,4100,4300,4300
