Type,Name,Request Count,Failure Count,Median Response Time,Average Response Time,Min Response Time,Max Response Time,Average Content Size,Requests/s,Failures/s,50%,66%,75%,80%,90%,95%,98%,99%,99.9%,99.99%,100%
GET,Post texto 400KB,12335,0,210,322.0372336342097,74.85748999897623,1340.5411280000408,439442.0,103.4785971105415,0.0,210,330,450,530,730,860,990,1100,1300,1300,1300
,Aggregated,12335,0,210,322.0372336342097,74.85748999897623,1340.5411280000408,439442.0,103.4785971105415,0.0,210,330,450,530,730,860,990,1100,1300,1300,1300
