Type,Name,Request Count,Failure Count,Median Response Time,Average Response Time,Min Response Time,Max Response Time,Average Content Size,Requests/s,Failures/s,50%,66%,75%,80%,90%,95%,98%,99%,99.9%,99.99%,100%
GET,Post imagem 1MB,2786,0,95,120.94254962528223,66.74906499756617,551.6055230000347,31863.0,23.31865927241781,0.0,95,100,120,130,220,280,350,390,520,550,550
GET,Post imagem 300KB,2690,0,94,120.44504472045436,63.853388997813454,528.6196439992636,31250.0,22.51514481076953,0.0,94,100,120,130,210,280,360,390,520,530,530
GET,Post texto 400KB,2763,0,100,128.9773257462793,70.2578349992109,613.6405160032155,439442.0,23.126150599314578,0.0,100,110,120,140,220,300,360,400,560,610,610
,Aggregated,8239,0,97,123.47462854606485,63.853388997813454,613.6405160032155,168347.01589998786,68.95995468250192,0.0,97,110,120,130,220,290,360,400,530,610,610
