Type,Name,Request Count,Failure Count,Median Response Time,Average Response Time,Min Response Time,Max Response Time,Average Content Size,Requests/s,Failures/s,50%,66%,75%,80%,90%,95%,98%,99%,99.9%,99.99%,100%
GET,Imagem 1MB,1119,0,21,23.84587445933369,8.444235999832017,192.24138700019466,1030845.0,22.751970577785382,0.0,21,23,24,25,28,50,84,100,190,190,190
GET,Imagem 300KB,1214,0,16,18.548158524714545,6.313738000244484,173.18333100001837,311564.0,24.683549849357867,0.0,16,17,18,19,21,39,77,99,170,170,170
GET,Post texto 400KB,1149,0,100,120.63019632028394,77.40066299993487,545.5310749998716,439442.0,23.36194297933459,0.0,100,110,110,120,170,250,340,410,470,550,550
,Aggregated,3482,0,22,53.93598321108666,6.313738000244484,545.5310749998716,584914.7354968409,70.79746340647785,0.0,22,80,96,100,110,130,230,300,450,550,550
