Type,Name,Request Count,Failure Count,Median Response Time,Average Response Time,Min Response Time,Max Response Time,Average Content Size,Requests/s,Failures/s,50%,66%,75%,80%,90%,95%,98%,99%,99.9%,99.99%,100%
GET,Post imagem 1MB,10632,52,510,689.5868028791482,82.27167400036706,4762.934888000018,31720.684725357412,89.04117617869204,0.4354910798807361,510,690,840,940,1400,2100,3400,3900,4500,4700,4800
,Aggregated,10632,52,510,689.5868028791482,82.27167400036706,4762.934888000018,31720.684725357412,89.04117617869204,0.4354910798807361,510,690,840,940,1400,2100,3400,3900,4500,4700,4800
