Type,Name,Request Count,Failure Count,Median Response Time,Average Response Time,Min Response Time,Max Response Time,Average Content Size,Requests/s,Failures/s,50%,66%,75%,80%,90%,95%,98%,99%,99.9%,99.99%,100%
GET,Post imagem 1MB,4244,324,810,1098.7448897874629,43.41260399814928,7602.582518000418,29641.569274269557,35.50391998853176,2.7104783403120383,810,1200,1400,1600,2100,3100,4400,5300,6700,7600,7600
GET,Post imagem 300KB,4122,353,820,1098.1601336581857,54.02465299994219,7598.5920359999,28810.600436681223,34.48330777396982,2.9530828831177454,820,1100,1400,1600,2100,2900,4500,5300,6900,7600,7600
GET,Post texto 400KB,4215,335,850,1127.7309607880873,53.85315399689716,7650.286124997365,404735.7615658363,35.261315445726055,2.80250075310041,850,1200,1500,1600,2200,3000,4400,5400,6900,7700,7700
,Aggregated,12581,1012,830,1108.2644768236862,43.41260399814928,7650.286124997365,155036.74986090136,105.24854320822763,8.466061976530193,830,1200,1400,1600,2100,3000,4400,5300,6800,7600,7700
