Type,Name,Request Count,Failure Count,Median Response Time,Average Response Time,Min Response Time,Max Response Time,Average Content Size,Requests/s,Failures/s,50%,66%,75%,80%,90%,95%,98%,99%,99.9%,99.99%,100%
GET,Post imagem 1MB,3876,0,280,408.48079231187063,84.34505400146008,2193.411117001233,31863.0,32.6020636784605,0.0,280,390,500,610,920,1200,1400,1600,2000,2200,2200
GET,Post imagem 300KB,3961,0,280,411.3869988618802,84.18683299896657,2215.7781690002594,31250.0,33.317021215268845,0.0,280,400,510,610,920,1200,1400,1600,2100,2200,2200
GET,Post texto 400KB,3956,0,280,415.37563384200405,83.19325200136518,2246.6490930019063,439442.0,33.27496488957424,0.0,280,400,510,600,930,1200,1500,1600,2100,2200,2200
,Aggregated,11793,0,280,411.7698177708539,83.19325200136518,2246.6490930019063,168380.80132281862,99.1940497833036,0.0,280,400,500,610,920,1200,1400,1600,2100,2200,2200
