Teste,Usuarios,Instancias,Requisicoes,Falhas,Erro,TempoMedio,Mediana,P95,RPS
Carga leve,150,1,13862,0,0.0,60.33672752957617,41.0,131.75,70.47006168276619
Carga leve,150,2,13879,0,0.0,56.58225315295928,38.75,130.25,70.58972256005598
Carga leve,150,3,13925,0,0.0,60.62284274030375,41.0,148.25,70.7899256420483
Carga média,250,1,22048,0,0.0,91.7809930118486,66.25,213.25,111.97590743773495
Carga média,250,2,21866,0,0.0,90.7830250439593,63.5,209.5,111.02360309865857
Carga média,250,3,21702,0,0.0,107.91480282102762,76.75,282.25,110.13764104805668
Carga pesada,350,1,27716,0,0.0,281.0413905758593,243.25,645.5,140.2319344137672
Carga pesada,350,2,27452,335,1.2203118169896547,277.35427677718843,176.0,916.25,139.29735544369373
Carga pesada,350,3,27892,486,1.7424351068406712,238.1933734093768,199.0,642.5,141.4008383288331
