Type,Name,Request Count,Failure Count,Median Response Time,Average Response Time,Min Response Time,Max Response Time,Average Content Size,Requests/s,Failures/s,50%,66%,75%,80%,90%,95%,98%,99%,99.9%,99.99%,100%
GET,Post texto 400KB,9784,76,690,892.3905214753668,93.0722329976561,6569.44300500254,436049.9873262469,82.30633177230959,0.6393378183458227,690,910,1100,1200,1500,2000,3000,4800,6300,6600,6600
,Aggregated,9784,76,690,892.3905214753668,93.0722329976561,6569.44300500254,436049.9873262469,82.30633177230959,0.6393378183458227,690,910,1100,1200,1500,2000,3000,4800,6300,6600,6600
