Type,Name,Request Count,Failure Count,Median Response Time,Average Response Time,Min Response Time,Max Response Time,Average Content Size,Requests/s,Failures/s,50%,66%,75%,80%,90%,95%,98%,99%,99.9%,99.99%,100%
GET,Post texto 400KB,10873,1342,1400,1548.1192529416824,39.0028549991257,6933.936638997693,385545.14227903984,91.29184526667046,11.267695792133889,1400,1800,2100,2300,2800,3200,3800,4500,6700,6900,6900
,Aggregated,10873,1342,1400,1548.1192529416824,39.0028549991257,6933.936638997693,385545.14227903984,91.29184526667046,11.267695792133889,1400,1800,2100,2300,2800,3200,3800,4500,6700,6900,6900
