Type,Name,Request Count,Failure Count,Median Response Time,Average Response Time,Min Response Time,Max Response Time,Average Content Size,Requests/s,Failures/s,50%,66%,75%,80%,90%,95%,98%,99%,99.9%,99.99%,100%
GET,Imagem 300KB,5743,0,12,14.138198236283154,5.039485999986937,102.33984699971188,311564.0,116.89278428712969,0.0,12,13,14,15,18,26,55,74,93,100,100
,Aggregated,5743,0,12,14.138198236283154,5.039485999986937,102.33984699971188,311564.0,116.89278428712969,0.0,12,13,14,15,18,26,55,74,93,100,100
