Type,Name,Request Count,Failure Count,Median Response Time,Average Response Time,Min Response Time,Max Response Time,Average Content Size,Requests/s,Failures/s,50%,66%,75%,80%,90%,95%,98%,99%,99.9%,99.99%,100%
GET,Post imagem 300KB,13812,0,690,840.152317597068,70.63359700259753,3780.8950649996405,31250.0,115.16097794920267,0.0,690,910,1100,1200,1700,2200,2700,2900,3500,3800,3800
,Aggregated,13812,0,690,840.152317597068,70.63359700259753,3780.8950649996405,31250.0,115.16097794920267,0.0,690,910,1100,1200,1700,2200,2700,2900,3500,3800,3800
