Type,Name,Request Count,Failure Count,Median Response Time,Average Response Time,Min Response Time,Max Response Time,Average Content Size,Requests/s,Failures/s,50%,66%,75%,80%,90%,95%,98%,99%,99.9%,99.99%,100%
GET,Post texto 400KB,5364,486,720,826.5912455186386,45.232162000502285,2947.039689000121,399877.30536912754,107.9055490417358,9.776677262170693,720,900,1000,1200,1800,2200,2600,2700,2900,2900,2900
,Aggregated,5364,486,720,826.5912455186386,45.232162000502285,2947.039689000121,399877.30536912754,107.9055490417358,9.776677262170693,720,900,1000,1200,1800,2200,2600,2700,2900,2900,2900
