Type,Name,Request Count,Failure Count,Median Response Time,Average Response Time,Min Response Time,Max Response Time,Average Content Size,Requests/s,Failures/s,50%,66%,75%,80%,90%,95%,98%,99%,99.9%,99.99%,100%
GET,Post imagem 1MB,13809,0,560,817.4840177884905,68.7820909988659,3955.141697999352,31863.0,115.83337630517791,0.0,560,990,1300,1400,1800,2100,2800,3100,3700,3900,4000
,Aggregated,13809,0,560,817.4840177884905,68.7820909988659,3955.141697999352,31863.0,115.83337630517791,0.0,560,990,1300,1400,1800,2100,2800,3100,3700,3900,4000
