Type,Name,Request Count,Failure Count,Median Response Time,Average Response Time,Min Response Time,Max Response Time,Average Content Size,Requests/s,Failures/s,50%,66%,75%,80%,90%,95%,98%,99%,99.9%,99.99%,100%
GET,Post imagem 1MB,13666,691,610,857.3841413888813,48.34085099719232,6475.075106998702,30391.70496121762,114.74867944002058,5.802088211111826,610,880,1200,1400,1900,2300,2900,3400,6200,6400,6500
,Aggregated,13666,691,610,857.3841413888813,48.34085099719232,6475.075106998702,30391.70496121762,114.74867944002058,5.802088211111826,610,880,1200,1400,1900,2300,2900,3400,6200,6400,6500
