Type,Name,Request Count,Failure Count,Median Response Time,Average Response Time,Min Response Time,Max Response Time,Average Content Size,Requests/s,Failures/s,50%,66%,75%,80%,90%,95%,98%,99%,99.9%,99.99%,100%
GET,Post imagem 1MB,2787,0,110,131.64361206166927,66.52591598685831,902.8833129996201,31196.0,23.30602535386234,0.0,110,110,120,130,190,320,430,570,900,900,900
GET,Post imagem 300KB,2892,0,100,130.52927342324787,62.55788700946141,903.7147580093006,30865.0,24.184077977527764,0.0,100,110,120,130,200,310,420,570,840,900,900
GET,Post texto 400KB,2765,0,110,141.4093492758312,71.78211200516671,918.0830400000559,439442.0,23.122052423189583,0.0,110,120,130,140,210,330,430,580,910,920,920
,Aggregated,8444,0,110,134.45976507621694,62.55788700946141,918.0830400000559,164763.37778304121,70.61215575457969,0.0,110,120,130,130,200,320,420,570,900,920,920
