Type,Name,Request Count,Failure Count,Median Response Time,Average Response Time,Min Response Time,Max Response Time,Average Content Size,Requests/s,Failures/s,50%,66%,75%,80%,90%,95%,98%,99%,99.9%,99.99%,100%
GET,Post texto 400KB,8523,0,1400,2599.8137399189177,78.41703599842731,9639.527110000927,439442.0,71.05431385050973,0.0,1400,3100,4700,5200,6200,7900,8400,8600,9300,9600,9600
,Aggregated,8523,0,1400,2599.8137399189177,78.41703599842731,9639.527110000927,439442.0,71.05431385050973,0.0,1400,3100,4700,5200,6200,7900,8400,8600,9300,9600,9600
