Type,Name,Request Count,Failure Count,Median Response Time,Average Response Time,Min Response Time,Max Response Time,Average Content Size,Requests/s,Failures/s,50%,66%,75%,80%,90%,95%,98%,99%,99.9%,99.99%,100%
GET,Post imagem 1MB,12998,0,140,203.84856315178087,65.78877200081479,993.9192160018138,31863.0,108.4242021598426,0.0,140,190,240,290,440,550,650,720,870,970,990
,Aggregated,12998,0,140,203.84856315178087,65.78877200081479,993.9192160018138,31863.0,108.4242021598426,0.0,140,190,240,290,440,550,650,720,870,970,990
