Type,Name,Request Count,Failure Count,Median Response Time,Average Response Time,Min Response Time,Max Response Time,Average Content Size,Requests/s,Failures/s,50%,66%,75%,80%,90%,95%,98%,99%,99.9%,99.99%,100%
GET,Post texto 400KB,8154,0,120,152.53267712618356,70.77807799942093,831.8801820023509,439442.0,68.13975046868605,0.0,120,130,150,180,280,370,470,540,690,830,830
,Aggregated,8154,0,120,152.53267712618356,70.77807799942093,831.8801820023509,439442.0,68.13975046868605,0.0,120,130,150,180,280,370,470,540,690,830,830
