Type,Name,Request Count,Failure Count,Median Response Time,Average Response Time,Min Response Time,Max Response Time,Average Content Size,Requests/s,Failures/s,50%,66%,75%,80%,90%,95%,98%,99%,99.9%,99.99%,100%
GET,Post texto 400KB,2025,0,2100,1958.2137879051836,69.65466200000492,4160.714944000006,436725.0,34.27747015595063,0.0,2100,2300,2400,2500,2700,2900,3100,3300,3800,4200,4200
,Aggregated,2025,0,2100,1958.2137879051836,69.65466200000492,4160.714944000006,436725.0,34.27747015595063,0.0,2100,2300,2400,2500,2700,2900,3100,3300,3800,4200,4200
