Type,Name,Request Count,Failure Count,Median Response Time,Average Response Time,Min Response Time,Max Response Time,Average Content Size,Requests/s,Failures/s,50%,66%,75%,80%,90%,95%,98%,99%,99.9%,99.99%,100%
GET,Post imagem 300KB,8126,0,110,162.31828265086799,67.5414159995853,1534.9670629984757,31250.0,67.89421887171122,0.0,110,130,150,180,300,410,640,1100,1400,1500,1500
,Aggregated,8126,0,110,162.31828265086799,67.5414159995853,1534.9670629984757,31250.0,67.89421887171122,0.0,110,130,150,180,300,410,640,1100,1400,1500,1500
