Type,Name,Request Count,Failure Count,Median Response Time,Average Response Time,Min Response Time,Max Response Time,Average Content Size,Requests/s,Failures/s,50%,66%,75%,80%,90%,95%,98%,99%,99.9%,99.99%,100%
GET,Post imagem 300KB,3890,0,78,114.70009044832928,26.230119999922863,649.6723440000096,30204.0,65.82348730641547,0.0,78,120,160,180,240,300,370,420,530,650,650
,Aggregated,3890,0,78,114.70009044832928,26.230119999922863,649.6723440000096,30204.0,65.82348730641547,0.0,78,120,160,180,240,300,370,420,530,650,650
