Type,Name,Request Count,Failure Count,Median Response Time,Average Response Time,Min Response Time,Max Response Time,Average Content Size,Requests/s,Failures/s,50%,66%,75%,80%,90%,95%,98%,99%,99.9%,99.99%,100%
GET,Post imagem 300KB,14751,51,520,656.3839697498505,61.652434000279754,3212.038861001929,31151.516168395363,123.28400876771344,0.4262412342995991,520,750,930,1000,1300,1600,1800,2000,2800,3100,3200
,Aggregated,14751,51,520,656.3839697498505,61.652434000279754,3212.038861001929,31151.516168395363,123.28400876771344,0.4262412342995991,520,750,930,1000,1300,1600,1800,2000,2800,3100,3200
