Type,Name,Request Count,Failure Count,Median Response Time,Average Response Time,Min Response Time,Max Response Time,Average Content Size,Requests/s,Failures/s,50%,66%,75%,80%,90%,95%,98%,99%,99.9%,99.99%,100%
GET,Post texto 400KB,11389,0,330,493.1439323874745,73.86477300315164,3422.267231002479,439442.0,95.52947169921002,0.0,330,490,630,740,1100,1500,2000,2200,3000,3400,3400
,Aggregated,11389,0,330,493.1439323874745,73.86477300315164,3422.267231002479,439442.0,95.52947169921002,0.0,330,490,630,740,1100,1500,2000,2200,3000,3400,3400
