Type,Name,Request Count,Failure Count,Median Response Time,Average Response Time,Min Response Time,Max Response Time,Average Content Size,Requests/s,Failures/s,50%,66%,75%,80%,90%,95%,98%,99%,99.9%,99.99%,100%
GET,Post imagem 1MB,12301,1319,1000,1152.2931435972052,27.932028999202885,4725.144384003215,28742.907162019346,103.25703826062234,11.07194809086748,1000,1400,1600,1700,2100,2800,3700,4000,4600,4700,4700
,Aggregated,12301,1319,1000,1152.2931435972052,27.932028999202885,4725.144384003215,28742.907162019346,103.25703826062234,11.07194809086748,1000,1400,1600,1700,2100,2800,3700,4000,4600,4700,4700
